{
  "1346495704423465022": {
    "username": "debra0962",
    "valor_robux": 200,
    "valor_reais": 9.6,
    "timestamp": 1741100231810,
    "id": "1280331361613512786",
    "valor_taxado": 286
  },
  "1348032563263836170": {
    "username": "lf_55042",
    "valor_robux": 300,
    "valor_reais": 14.4,
    "timestamp": 1741466521566,
    "id": "1280331361613512786",
    "valor_taxado": 429
  },
  "1353389779613515847": {
    "username": "luffy937828",
    "valor_robux": 500,
    "valor_reais": 24,
    "timestamp": 1742744349172,
    "id": "1265835661462732932",
    "valor_taxado": 714
  },
  "1354458721262108762": {
    "username": "alclaustroxl",
    "valor_robux": 700,
    "valor_reais": 33.6,
    "timestamp": 1742998669841,
    "id": "803110630281314324",
    "valor_taxado": 1000
  },
  "1355624428024889415": {
    "username": "imruaan",
    "valor_robux": 100,
    "valor_reais": 4.8,
    "timestamp": 1743276547903,
    "id": "1233777603182198826",
    "valor_taxado": 143
  },
  "1355819734611918930": {
    "username": "RORONOAZORO1209876",
    "valor_robux": 200,
    "valor_reais": 9.6,
    "timestamp": 1743323138928,
    "id": "1118857273322770472",
    "valor_taxado": 286
  },
  "1356519147311468647": {
    "username": "zsnw7",
    "valor_robux": 100,
    "valor_reais": 4.8,
    "timestamp": 1743489804649,
    "id": "530096206240808960",
    "valor_taxado": 143
  },
  "1357438372951490710": {
    "username": "kapolllllar",
    "valor_robux": 1000,
    "valor_reais": 48,
    "timestamp": 1743709088175,
    "id": "1158434246281666606",
    "valor_taxado": 1429
  },
  "1358433301496598673": {
    "username": "Palfredoxc_Fut",
    "valor_robux": 300,
    "valor_reais": 14.4,
    "timestamp": 1743946242432,
    "id": "1019929114574069790",
    "valor_taxado": 429
  },
  "1358927914590142505": {
    "username": "rardsom6",
    "valor_robux": 1000,
    "valor_reais": 48,
    "timestamp": 1744064328852,
    "id": "1353733790580871269",
    "valor_taxado": 1429
  },
  "1359386430287122492": {
    "username": "wendriu113",
    "valor_robux": 200,
    "valor_reais": 9.6,
    "timestamp": 1744173436845,
    "id": "928322896890298439",
    "valor_taxado": 286
  },
  "1360054218731425883": {
    "username": "anny_karolinx",
    "valor_robux": 206,
    "valor_reais": 9.89,
    "timestamp": 1744333266559,
    "id": "1345280826082070549",
    "valor_taxado": 294
  },
  "1360375200431997091": {
    "username": "rip_zor718",
    "valor_robux": 100,
    "valor_reais": 4.8,
    "timestamp": 1744409273296,
    "id": "1282748030633644065",
    "valor_taxado": 143
  },
  "1360715978761179233": {
    "username": "Joaotxn012",
    "valor_robux": 185,
    "valor_reais": 8.88,
    "timestamp": 1744490485357,
    "id": "1167892297552252942",
    "valor_taxado": 264
  },
  "1361077465950195774": {
    "username": "anicazza",
    "valor_robux": 100,
    "valor_reais": 4.8,
    "timestamp": 1744576639785,
    "id": "1282119284276985898",
    "valor_taxado": 143
  },
  "1363351206369558730": {
    "username": "caio11_ano",
    "valor_robux": 110,
    "valor_reais": 5.28,
    "timestamp": 1745118843243,
    "id": "1199149358000644198",
    "valor_taxado": 157
  },
  "1366202091583967244": {
    "username": "Thawbxz",
    "valor_robux": 200,
    "valor_reais": 9.6,
    "timestamp": 1745798426502,
    "id": "1115145311166406656",
    "valor_taxado": 286
  },
  "1367898350929707110": {
    "username": "MXSkokushibo",
    "valor_robux": 100,
    "valor_reais": 4.8,
    "timestamp": 1746203082109,
    "id": "1148280897494319126",
    "valor_taxado": 143
  },
  "1368664589327142964": {
    "username": "lillith_akfbel17",
    "valor_robux": 500,
    "valor_reais": 24,
    "timestamp": 1746385677062,
    "id": "662124345954664458",
    "valor_taxado": 714
  },
  "1370492438602321950": {
    "username": "jeefblouc",
    "valor_robux": 600,
    "valor_reais": 28.8,
    "timestamp": 1746821565263,
    "id": "889049327786426409",
    "valor_taxado": 857
  },
  "1371308725289226290": {
    "username": "Snow7x90",
    "valor_robux": 400,
    "valor_reais": 19.2,
    "timestamp": 1747016282618,
    "id": "1017163698223185921",
    "valor_taxado": 571
  },
  "1371474556329660647": {
    "username": "FelipovisKLouco",
    "valor_robux": 200,
    "valor_reais": 9.6,
    "timestamp": 1747055732709,
    "id": "1317487489006567425",
    "valor_taxado": 286
  },
  "1372382197201502250": {
    "username": "wendriu113",
    "valor_robux": 500,
    "valor_reais": 24,
    "timestamp": 1747271846043,
    "id": "928322896890298439",
    "valor_taxado": 714
  }
}